ID,Rating [Rogue One/Star Wars],Rating [Fight Club],Rating [The Lord of the Rings],Rating [Trolls],Rating [Despicable Me],Rating [Kubo],Rating [The hangover],Rating [Captain America],Rating [The big Lebowski],Rating [Almost famous],Rating [The hunger games],Rating [Pulp Fiction],Rating [Sing ],Rating [500 days of Summer],Rating [Twilight],Rating [Lala Land],Rating [A Fantastic Woman],Rating [Loveless],Rating [The Insult],Rating [The Square]
2,4,3,4,N/A,2,N/A,N/A,2,N/A,N/A,N/A,4,3,N/A,N/A,N/A,N/A,N/A,N/A,N/A
4,N/A,5,4,N/A,3,N/A,5,5,N/A,N/A,N/A,N/A,N/A,N/A,N/A,N/A,N/A,4,N/A,5
8,5,4,5,N/A,4,N/A,3,3,N/A,4,N/A,4,N/A,N/A,2,1,5,5,4,3
10,4,3,3,3,3,3,2,1,4,5,5,4,3,4,1,3,3,2,2,1
11,4,5,N/A,N/A,4,N/A,5,5,N/A,N/A,N/A,4,N/A,N/A,N/A,N/A,N/A,N/A,N/A,N/A
12,N/A,N/A,N/A,N/A,5,N/A,4,4,N/A,N/A,4,N/A,N/A,5,5,5,5,5,N/A,N/A
13,N/A,4,5,N/A,5,5,4,4,N/A,N/A,N/A,5,4,N/A,N/A,N/A,4,4,4,4
14,4,5,4,4,4,N/A,3,4,N/A,N/A,4,4,N/A,N/A,2,N/A,N/A,N/A,N/A,N/A
15,4,N/A,5,4,5,N/A,4,3,N/A,N/A,4,N/A,5,5,4,5,N/A,4,4,5
18,3,N/A,5,N/A,4,N/A,5,5,N/A,N/A,N/A,N/A,N/A,N/A,5,5,5,N/A,N/A,N/A
19,3,3,4,4,5,4,N/A,4,N/A,N/A,4,N/A,N/A,4,5,4,4,N/A,N/A,5
23,5,N/A,N/A,N/A,5,N/A,5,5,N/A,N/A,4,N/A,N/A,N/A,3,3,N/A,N/A,N/A,N/A
28,N/A,N/A,N/A,N/A,N/A,N/A,N/A,5,N/A,N/A,N/A,N/A,N/A,N/A,N/A,N/A,N/A,N/A,N/A,N/A
29,5,N/A,N/A,N/A,5,N/A,N/A,5,N/A,N/A,5,N/A,5,N/A,5,5,N/A,N/A,N/A,N/A
30,4,5,5,1,3,3,5,4,5,3,3,5,3,4,2,4,2,2,2,2
31,3,N/A,5,5,4,N/A,4,4,5,N/A,3,5,N/A,N/A,4,N/A,N/A,N/A,N/A,N/A
32,N/A,5,5,N/A,N/A,N/A,N/A,N/A,N/A,N/A,N/A,5,N/A,5,5,N/A,N/A,N/A,N/A,N/A
33,4,5,5,N/A,4,N/A,4,3,N/A,N/A,3,5,N/A,3,2,3,N/A,N/A,N/A,N/A
34,4,5,4,4,3,4,4,4,3,3,4,3,4,3,3,3,4,3,3,4
35,N/A,N/A,5,N/A,5,N/A,5,4,N/A,3,5,N/A,N/A,N/A,5,5,3,N/A,N/A,N/A
38,N/A,N/A,4,N/A,2,4,2,N/A,N/A,N/A,N/A,N/A,N/A,2,1,N/A,N/A,N/A,N/A,N/A
37,5,N/A,5,N/A,5,1,4,4,N/A,N/A,4,3,N/A,3,2,4,N/A,N/A,N/A,N/A
39,N/A,N/A,5,N/A,N/A,N/A,N/A,5,N/A,N/A,5,N/A,N/A,N/A,5,5,N/A,5,N/A,N/A
40,N/A,4,5,N/A,N/A,4,N/A,3,N/A,N/A,3,3,N/A,2,N/A,N/A,N/A,N/A,N/A,N/A
41,N/A,N/A,5,N/A,4,N/A,5,5,N/A,N/A,N/A,5,3,N/A,N/A,N/A,N/A,N/A,N/A,N/A
42,5,5,5,N/A,5,N/A,5,5,N/A,N/A,3,5,N/A,4,1,1,5,1,N/A,N/A
44,N/A,5,5,N/A,3,N/A,4,3,N/A,N/A,N/A,5,N/A,N/A,2,N/A,N/A,N/A,N/A,N/A
45,N/A,4,4,4,5,N/A,N/A,5,N/A,N/A,5,N/A,N/A,4,3,4,N/A,N/A,N/A,N/A
46,4,5,5,N/A,4,N/A,4,5,N/A,N/A,4,4,N/A,N/A,5,5,N/A,N/A,N/A,N/A
47,3,5,5,N/A,1,5,3,4,N/A,N/A,3,5,N/A,N/A,1,4,N/A,N/A,N/A,N/A
50,4,4,4,N/A,4,N/A,5,5,N/A,N/A,2,5,N/A,N/A,N/A,N/A,N/A,N/A,N/A,N/A
51,4,N/A,3,N/A,2,N/A,5,5,N/A,N/A,4,N/A,4,5,4,5,N/A,N/A,N/A,N/A
52,4,5,5,N/A,5,N/A,4,4,N/A,N/A,2,5,N/A,5,1,5,N/A,N/A,N/A,N/A
55,N/A,N/A,4,N/A,4,N/A,4,3,N/A,N/A,N/A,N/A,N/A,N/A,3,N/A,N/A,N/A,N/A,N/A
56,N/A,5,5,N/A,4,4,5,5,N/A,N/A,5,5,N/A,N/A,3,N/A,N/A,N/A,N/A,N/A
57,N/A,N/A,5,N/A,4,3,4,4,N/A,N/A,4,N/A,N/A,N/A,3,4,N/A,N/A,N/A,N/A
58,N/A,N/A,5,N/A,4,N/A,N/A,4,N/A,N/A,N/A,N/A,N/A,N/A,4,N/A,N/A,N/A,N/A,N/A
59,N/A,N/A,4,N/A,4,N/A,5,4,N/A,N/A,N/A,N/A,N/A,N/A,5,2,N/A,N/A,N/A,N/A
62,N/A,5,4,N/A,4,N/A,5,4,N/A,N/A,3,4,1,4,1,N/A,N/A,N/A,N/A,N/A
63,5,5,5,4,5,4,5,5,5,N/A,3,5,N/A,5,2,3,N/A,N/A,N/A,N/A
64,N/A,5,N/A,N/A,4,4,4,5,N/A,N/A,4,N/A,N/A,3,4,N/A,N/A,N/A,N/A,N/A
65,N/A,4,5,N/A,5,N/A,N/A,4,N/A,N/A,N/A,N/A,N/A,N/A,3,N/A,N/A,N/A,N/A,N/A
67,3,4,3,N/A,4,N/A,4,3,5,N/A,4,5,N/A,N/A,5,5,3,N/A,N/A,N/A
70,N/A,N/A,5,N/A,5,N/A,5,5,N/A,N/A,N/A,5,N/A,N/A,5,N/A,N/A,N/A,N/A,N/A
71,N/A,5,N/A,N/A,5,N/A,4,5,N/A,N/A,N/A,2,N/A,2,4,N/A,N/A,N/A,N/A,N/A
72,5,N/A,5,3,4,N/A,N/A,4,3,4,N/A,4,4,3,2,5,N/A,N/A,N/A,N/A
73,1,4,5,5,5,5,4,1,1,5,4,4,4,5,5,1,4,5,2,2
74,4,N/A,5,4,5,5,4,5,N/A,3,N/A,3,N/A,3,2,3,N/A,N/A,N/A,N/A
75,4,4,4,3,2,N/A,5,5,3,4,4,4,N/A,5,5,4,5,N/A,3,4
76,4,N/A,N/A,5,5,4,4,5,N/A,4,4,5,N/A,N/A,N/A,N/A,N/A,N/A,N/A,N/A
77,2,1,4,1,5,N/A,4,5,N/A,N/A,5,5,4,5,1,3,5,N/A,N/A,N/A
78,3,5,4,2,4,3,5,4,N/A,N/A,4,5,N/A,4,2,5,N/A,3,N/A,N/A
79,3,1,5,N/A,N/A,N/A,5,5,N/A,N/A,N/A,N/A,N/A,N/A,3,N/A,N/A,N/A,N/A,N/A
85,4,5,5,3,5,3,5,5,3,4,5,5,5,5,5,5,N/A,N/A,N/A,N/A
86,3,4,3,2,3,3,2,4,3,2,2,3,5,5,4,5,5,4,4,3
87,4,5,5,2,2,2,3,3,N/A,N/A,2,5,2,N/A,2,4,2,3,N/A,4
89,5,5,5,3,3,3,4,4,3,3,3,5,3,4,2,3,3,3,4,4
90,N/A,N/A,5,N/A,N/A,N/A,5,N/A,N/A,N/A,N/A,N/A,N/A,N/A,N/A,N/A,N/A,N/A,N/A,N/A
91,4,4,N/A,N/A,4,N/A,4,4,4,N/A,N/A,5,N/A,3,N/A,5,N/A,N/A,N/A,N/A
94,5,5,5,N/A,5,N/A,5,5,N/A,N/A,5,N/A,N/A,5,5,N/A,5,N/A,N/A,N/A
102,4,5,5,N/A,3,N/A,5,5,N/A,N/A,5,5,N/A,N/A,N/A,N/A,N/A,N/A,N/A,N/A
106,N/A,N/A,4,N/A,4,N/A,N/A,N/A,N/A,N/A,4,N/A,N/A,N/A,N/A,5,N/A,N/A,N/A,N/A
107,N/A,N/A,5,N/A,5,N/A,N/A,N/A,N/A,N/A,N/A,N/A,N/A,N/A,N/A,N/A,N/A,N/A,N/A,N/A
109,N/A,N/A,5,5,5,N/A,5,5,N/A,N/A,5,N/A,N/A,N/A,5,N/A,N/A,N/A,N/A,N/A
111,4,4,4,N/A,N/A,N/A,N/A,N/A,N/A,3,3,4,N/A,N/A,N/A,N/A,N/A,N/A,4,N/A
112,3,5,5,N/A,3,N/A,5,3,5,N/A,3,5,N/A,4,1,4,N/A,N/A,N/A,N/A
116,N/A,N/A,N/A,N/A,N/A,N/A,N/A,3,N/A,N/A,N/A,N/A,N/A,5,4,N/A,N/A,N/A,N/A,N/A
117,N/A,4,5,N/A,2,N/A,4,3,5,N/A,2,5,N/A,1,1,1,N/A,N/A,N/A,N/A
120,2,2,4,4,5,N/A,N/A,5,N/A,N/A,N/A,N/A,N/A,3,5,N/A,5,4,2,4
122,N/A,N/A,5,5,5,5,5,5,N/A,5,5,5,5,4,5,4,3,5,3,2
123,N/A,5,4,N/A,5,N/A,4,5,N/A,4,3,5,N/A,N/A,4,N/A,N/A,N/A,N/A,N/A
124,5,5,4,4,5,4,5,5,N/A,N/A,5,N/A,5,5,5,5,N/A,5,1,1
125,N/A,5,5,N/A,N/A,N/A,3,N/A,N/A,N/A,2,N/A,N/A,5,5,5,N/A,2,2,5
126,N/A,5,5,N/A,4,N/A,4,N/A,5,5,4,5,N/A,4,3,5,N/A,N/A,N/A,N/A
127,3,N/A,4,N/A,5,N/A,N/A,5,N/A,N/A,N/A,N/A,N/A,N/A,5,N/A,N/A,N/A,N/A,N/A
128,N/A,4,5,N/A,4,5,5,4,N/A,N/A,3,5,4,N/A,1,5,N/A,N/A,N/A,N/A
121,3,4,4,N/A,3,N/A,5,3,4,N/A,3,5,N/A,N/A,3,5,N/A,N/A,N/A,N/A
129,N/A,N/A,N/A,N/A,N/A,N/A,N/A,5,N/A,N/A,N/A,N/A,N/A,N/A,N/A,N/A,N/A,N/A,N/A,4
130,N/A,N/A,5,5,5,N/A,5,4,N/A,N/A,N/A,5,4,N/A,5,4,N/A,N/A,3,4
131,4,3,4,4,4,4,5,4,5,3,4,3,5,N/A,5,3,4,3,4,5
132,4,4,N/A,5,4,N/A,4,5,N/A,N/A,4,5,N/A,N/A,3,N/A,N/A,N/A,4,3
133,4,5,5,N/A,5,N/A,N/A,4,N/A,N/A,5,5,5,5,4,5,N/A,N/A,N/A,N/A
137,5,N/A,3,N/A,5,N/A,N/A,4,N/A,N/A,5,N/A,N/A,N/A,4,3,N/A,N/A,N/A,N/A
144,5,5,5,5,N/A,N/A,5,4,3,3,N/A,5,N/A,N/A,1,N/A,N/A,N/A,N/A,N/A
146,N/A,3,N/A,N/A,N/A,N/A,N/A,5,N/A,N/A,4,N/A,N/A,4,N/A,N/A,N/A,N/A,N/A,N/A
147,N/A,4,5,N/A,4,N/A,N/A,4,N/A,N/A,4,N/A,N/A,N/A,3,5,N/A,N/A,N/A,N/A
148,5,5,5,N/A,5,N/A,5,5,N/A,N/A,4,N/A,N/A,N/A,5,N/A,N/A,N/A,N/A,N/A
149,3,4,5,N/A,3,3,3,4,N/A,N/A,4,5,3,4,1,N/A,N/A,N/A,N/A,N/A
150,5,N/A,5,N/A,5,N/A,5,5,N/A,N/A,N/A,N/A,N/A,5,3,3,N/A,N/A,N/A,N/A
152,N/A,N/A,4,N/A,5,5,N/A,5,N/A,N/A,N/A,N/A,N/A,N/A,3,N/A,N/A,N/A,N/A,N/A
156,N/A,N/A,N/A,N/A,5,N/A,N/A,3,N/A,N/A,N/A,N/A,N/A,N/A,4,N/A,N/A,N/A,N/A,N/A
157,1,5,5,1,3,N/A,5,5,N/A,N/A,N/A,N/A,N/A,5,5,5,N/A,N/A,N/A,N/A
158,4,N/A,4,N/A,5,N/A,N/A,3,N/A,3,3,N/A,3,3,4,3,N/A,N/A,N/A,N/A
162,N/A,N/A,4,N/A,3,N/A,5,3,N/A,N/A,4,N/A,N/A,N/A,3,N/A,N/A,N/A,N/A,N/A
163,N/A,5,5,N/A,2,N/A,3,4,5,N/A,4,5,N/A,N/A,N/A,N/A,N/A,N/A,N/A,N/A
166,N/A,N/A,4,N/A,5,5,N/A,5,N/A,N/A,N/A,N/A,N/A,N/A,4,5,N/A,N/A,N/A,N/A
170,4,4,N/A,N/A,4,N/A,4,4,N/A,N/A,N/A,4,N/A,N/A,N/A,N/A,N/A,N/A,N/A,N/A
171,5,5,5,N/A,N/A,5,5,5,N/A,N/A,N/A,N/A,N/A,N/A,2,N/A,N/A,N/A,N/A,N/A
173,N/A,N/A,4,N/A,3,N/A,N/A,3,N/A,N/A,N/A,N/A,3,N/A,3,3,N/A,N/A,N/A,N/A
174,N/A,N/A,5,N/A,5,N/A,N/A,4,N/A,N/A,N/A,N/A,N/A,N/A,5,5,N/A,N/A,N/A,N/A
176,3,5,4,N/A,4,N/A,5,5,N/A,N/A,3,5,N/A,N/A,4,N/A,N/A,N/A,N/A,N/A
177,N/A,N/A,5,N/A,5,N/A,5,4,5,4,5,4,4,1,5,3,5,4,2,N/A
178,3,5,5,N/A,4,5,5,3,N/A,N/A,3,5,N/A,N/A,N/A,5,N/A,N/A,N/A,N/A
179,5,N/A,N/A,N/A,N/A,N/A,N/A,3,N/A,N/A,N/A,N/A,N/A,N/A,3,N/A,N/A,N/A,N/A,3
180,3,5,5,3,1,1,3,5,4,2,N/A,3,N/A,4,5,3,3,N/A,3,5
181,N/A,4,N/A,3,5,N/A,5,4,N/A,N/A,4,5,N/A,5,N/A,4,N/A,N/A,N/A,N/A
182,5,N/A,N/A,4,5,N/A,5,4,N/A,N/A,N/A,N/A,N/A,5,3,5,N/A,N/A,N/A,N/A
186,N/A,4,5,N/A,3,N/A,4,5,N/A,N/A,N/A,5,N/A,4,5,N/A,N/A,N/A,N/A,N/A
190,N/A,5,5,N/A,5,N/A,3,3,N/A,N/A,N/A,3,N/A,N/A,1,N/A,N/A,N/A,N/A,N/A
191,4,N/A,5,N/A,5,N/A,5,5,N/A,4,4,5,5,5,5,4,5,N/A,5,N/A
193,4,2,5,N/A,N/A,N/A,2,3,N/A,N/A,2,N/A,N/A,N/A,1,N/A,N/A,N/A,N/A,N/A
196,1,5,2,4,3,N/A,5,2,5,N/A,3,5,N/A,N/A,1,1,1,1,5,5
197,N/A,N/A,N/A,N/A,5,N/A,N/A,N/A,N/A,N/A,N/A,N/A,N/A,N/A,4,N/A,N/A,N/A,N/A,N/A
198,N/A,N/A,N/A,N/A,5,N/A,N/A,N/A,N/A,N/A,N/A,N/A,N/A,N/A,4,N/A,N/A,N/A,N/A,N/A
199,N/A,N/A,N/A,N/A,N/A,N/A,4,N/A,N/A,N/A,4,N/A,N/A,N/A,4,3,N/A,N/A,N/A,N/A
201,4,5,5,N/A,4,N/A,5,5,4,N/A,5,N/A,N/A,4,5,5,N/A,3,N/A,4
202,4,4,4,4,4,4,4,4,4,3,4,5,4,4,5,5,3,3,3,3
203,N/A,N/A,N/A,4,4,N/A,4,N/A,N/A,N/A,3,4,4,N/A,N/A,2,N/A,N/A,N/A,N/A
204,5,3,4,N/A,2,N/A,4,5,N/A,N/A,3,4,1,N/A,2,3,N/A,N/A,N/A,N/A
205,5,4,5,1,1,N/A,4,4,N/A,N/A,3,4,1,N/A,2,N/A,N/A,N/A,N/A,N/A
216,N/A,5,N/A,5,5,5,5,N/A,3,N/A,4,4,N/A,5,3,5,5,4,N/A,N/A
206,5,4,5,3,4,3,3,5,3,2,3,2,2,3,4,4,4,3,4,4
207,2,5,5,N/A,4,N/A,5,5,N/A,N/A,4,N/A,5,N/A,3,5,N/A,N/A,N/A,N/A
208,N/A,4,N/A,N/A,4,N/A,5,5,N/A,N/A,5,N/A,N/A,N/A,4,3,N/A,N/A,N/A,N/A
209,3,4,5,2,5,4,5,5,4,4,5,4,3,3,5,5,3,2,3,2
210,4,N/A,4,N/A,4,N/A,4,4,N/A,N/A,N/A,N/A,N/A,3,3,3,N/A,N/A,N/A,N/A
211,N/A,N/A,5,N/A,3,N/A,N/A,5,N/A,N/A,N/A,N/A,N/A,N/A,N/A,N/A,N/A,N/A,N/A,N/A
212,N/A,5,4,N/A,4,N/A,5,5,N/A,N/A,N/A,5,N/A,N/A,2,5,N/A,N/A,N/A,N/A
213,N/A,N/A,4,5,5,5,4,2,N/A,N/A,5,N/A,N/A,3,2,N/A,5,N/A,2,N/A
214,3,3,4,3,5,3,5,4,3,3,5,4,2,2,2,4,3,N/A,N/A,N/A
215,N/A,5,N/A,N/A,N/A,N/A,4,2,N/A,N/A,N/A,N/A,N/A,N/A,N/A,N/A,N/A,N/A,N/A,N/A
217,N/A,N/A,4,N/A,4,N/A,5,N/A,N/A,N/A,4,4,N/A,N/A,5,N/A,N/A,N/A,N/A,N/A
218,5,N/A,5,4,5,4,4,4,3,3,3,3,3,5,5,5,5,5,5,5
219,N/A,4,N/A,N/A,3,N/A,5,5,N/A,N/A,4,N/A,N/A,N/A,4,4,N/A,N/A,N/A,N/A
220,N/A,N/A,4,4,5,N/A,5,4,N/A,N/A,4,N/A,N/A,N/A,3,4,4,N/A,N/A,N/A
221,N/A,5,4,N/A,5,N/A,4,4,N/A,N/A,4,N/A,N/A,N/A,2,5,N/A,N/A,N/A,N/A
222,4,N/A,4,N/A,N/A,N/A,4,5,N/A,N/A,4,N/A,N/A,5,5,4,5,N/A,N/A,4
225,N/A,N/A,N/A,N/A,4,N/A,4,N/A,N/A,N/A,N/A,N/A,3,N/A,4,4,N/A,N/A,N/A,N/A
226,4,5,5,N/A,3,5,5,3,N/A,N/A,2,N/A,4,N/A,2,3,N/A,N/A,N/A,N/A
227,N/A,N/A,4,N/A,4,N/A,3,N/A,N/A,N/A,N/A,N/A,3,N/A,2,3,2,N/A,N/A,N/A
228,4,5,5,4,5,3,5,5,4,4,5,N/A,3,2,4,2,2,2,4,3
229,N/A,5,N/A,N/A,3,N/A,5,5,N/A,N/A,N/A,5,N/A,N/A,N/A,N/A,N/A,N/A,N/A,N/A
232,4,4,2,N/A,3,N/A,5,4,4,N/A,4,5,N/A,5,2,5,3,N/A,N/A,N/A
230,4,4,5,2,3,2,5,5,3,3,4,3,3,3,4,4,3,3,3,3
231,N/A,N/A,N/A,N/A,4,N/A,5,4,N/A,N/A,4,N/A,N/A,N/A,3,N/A,N/A,N/A,N/A,N/A
233,N/A,N/A,5,5,5,N/A,4,4,N/A,N/A,5,N/A,5,N/A,5,N/A,N/A,N/A,N/A,5
239,N/A,5,5,N/A,3,N/A,4,3,4,N/A,4,5,N/A,2,N/A,3,N/A,N/A,N/A,N/A
240,N/A,2,5,N/A,N/A,N/A,2,2,3,N/A,2,4,N/A,5,2,4,N/A,N/A,N/A,N/A
241,2,4,4,N/A,4,N/A,3,5,N/A,N/A,N/A,N/A,N/A,N/A,N/A,N/A,N/A,N/A,N/A,N/A
242,N/A,4,5,N/A,N/A,N/A,3,3,N/A,N/A,4,5,N/A,N/A,3,4,N/A,N/A,N/A,N/A
243,3,3,4,N/A,5,4,N/A,3,N/A,3,4,N/A,N/A,5,5,5,N/A,N/A,N/A,N/A
247,N/A,5,N/A,N/A,4,N/A,3,4,N/A,N/A,N/A,5,N/A,N/A,N/A,5,N/A,N/A,4,4
249,N/A,5,N/A,N/A,N/A,N/A,5,5,N/A,N/A,N/A,5,N/A,N/A,5,N/A,N/A,N/A,N/A,N/A
254,4,5,5,3,4,N/A,4,3,N/A,N/A,5,N/A,3,N/A,2,N/A,N/A,N/A,N/A,N/A
258,N/A,N/A,N/A,N/A,4,N/A,5,4,3,N/A,4,N/A,N/A,N/A,N/A,N/A,N/A,N/A,N/A,N/A
259,4,3,5,2,3,4,3,5,2,3,5,3,4,3,2,N/A,4,3,1,4
260,5,5,5,3,4,5,3,4,3,N/A,4,5,3,4,2,5,4,3,N/A,N/A
261,5,5,5,3,4,5,2,4,3,3,4,5,3,4,2,5,3,3,N/A,N/A
263,N/A,N/A,N/A,N/A,4,N/A,5,5,N/A,N/A,N/A,N/A,N/A,N/A,4,N/A,N/A,N/A,N/A,N/A
264,2,N/A,N/A,N/A,4,N/A,N/A,N/A,N/A,N/A,N/A,N/A,N/A,N/A,4,3,N/A,N/A,N/A,N/A
265,N/A,N/A,4,N/A,N/A,4,N/A,1,2,N/A,2,3,4,N/A,5,3,5,5,N/A,N/A
266,N/A,N/A,N/A,N/A,N/A,N/A,N/A,N/A,N/A,N/A,N/A,3,N/A,N/A,1,N/A,N/A,N/A,N/A,N/A
267,5,N/A,5,N/A,5,N/A,4,5,N/A,N/A,4,N/A,5,N/A,3,N/A,N/A,N/A,N/A,N/A
268,N/A,4,4,N/A,4,N/A,5,N/A,1,N/A,N/A,4,N/A,N/A,4,N/A,N/A,N/A,N/A,N/A
269,4,3,4,3,4,2,5,5,1,N/A,N/A,4,3,5,4,5,3,5,4,4
270,5,N/A,4,N/A,1,N/A,N/A,4,N/A,N/A,2,N/A,N/A,N/A,N/A,N/A,N/A,N/A,N/A,N/A
271,N/A,N/A,4,N/A,3,N/A,N/A,5,N/A,N/A,N/A,N/A,N/A,N/A,5,N/A,N/A,N/A,N/A,N/A
272,4,4,5,4,4,5,4,2,4,4,3,4,4,3,5,4,2,4,5,N/A
274,N/A,N/A,4,N/A,5,N/A,3,5,N/A,N/A,4,N/A,3,5,2,4,N/A,N/A,N/A,N/A
275,N/A,5,5,N/A,5,N/A,5,4,N/A,N/A,3,5,N/A,N/A,4,3,N/A,N/A,N/A,N/A
284,N/A,N/A,N/A,N/A,4,N/A,4,4,N/A,N/A,N/A,N/A,N/A,N/A,4,N/A,N/A,N/A,N/A,N/A
283,N/A,3,3,4,5,N/A,3,4,3,3,3,4,4,5,N/A,N/A,N/A,5,5,5
285,3,N/A,N/A,N/A,4,N/A,N/A,5,N/A,N/A,4,N/A,N/A,N/A,3,N/A,N/A,N/A,N/A,N/A
286,3,5,5,4,5,N/A,4,4,N/A,4,5,N/A,N/A,N/A,1,N/A,N/A,N/A,N/A,N/A
287,5,5,5,3,5,5,5,4,N/A,4,5,N/A,4,5,2,5,N/A,5,N/A,N/A
288,N/A,3,2,N/A,5,5,5,5,N/A,N/A,N/A,N/A,N/A,4,5,N/A,5,3,N/A,N/A
289,N/A,5,5,N/A,3,N/A,3,3,4,N/A,N/A,4,N/A,4,N/A,N/A,N/A,N/A,N/A,N/A
291,4,4,N/A,N/A,5,N/A,3,5,N/A,N/A,N/A,4,N/A,5,4,4,N/A,N/A,N/A,N/A
292,1,2,5,N/A,N/A,N/A,5,3,N/A,N/A,1,1,N/A,N/A,5,N/A,N/A,N/A,N/A,N/A
293,5,3,4,N/A,4,N/A,5,5,N/A,N/A,N/A,4,N/A,N/A,N/A,N/A,N/A,N/A,N/A,N/A
296,N/A,5,N/A,N/A,5,5,5,5,N/A,N/A,5,5,5,N/A,5,N/A,N/A,N/A,N/A,N/A
297,4,N/A,N/A,N/A,N/A,N/A,N/A,4,N/A,N/A,N/A,N/A,N/A,N/A,N/A,N/A,N/A,N/A,N/A,N/A
301,4,4,4,4,4,4,4,3,4,4,4,4,4,4,4,4,4,4,5,4
304,4,4,5,N/A,5,5,5,3,N/A,N/A,3,N/A,4,4,4,4,N/A,N/A,N/A,N/A
307,3,4,2,N/A,5,N/A,5,4,5,N/A,3,5,N/A,2,1,3,N/A,N/A,N/A,N/A
313,N/A,4,4,N/A,4,4,4,4,4,4,4,5,N/A,4,3,4,N/A,N/A,N/A,5
314,3,N/A,5,3,5,N/A,N/A,N/A,N/A,N/A,3,N/A,4,N/A,5,2,N/A,N/A,N/A,N/A
315,4,4,4,1,4,N/A,5,2,N/A,N/A,4,4,2,5,N/A,3,N/A,N/A,3,3
316,5,4,5,4,5,4,5,5,4,5,5,5,5,4,5,5,5,4,5,1
320,N/A,N/A,4,2,5,N/A,4,4,N/A,N/A,N/A,N/A,5,4,4,N/A,N/A,N/A,N/A,N/A
323,N/A,4,4,N/A,5,N/A,5,5,N/A,N/A,3,3,N/A,N/A,N/A,N/A,N/A,N/A,N/A,N/A
325,N/A,N/A,3,N/A,4,N/A,5,5,N/A,N/A,N/A,N/A,N/A,4,3,N/A,N/A,N/A,N/A,N/A
326,N/A,4,N/A,N/A,N/A,N/A,4,N/A,N/A,N/A,N/A,N/A,N/A,N/A,N/A,N/A,N/A,N/A,N/A,N/A
329,N/A,3,1,N/A,N/A,N/A,3,N/A,N/A,N/A,N/A,4,N/A,N/A,N/A,4,N/A,N/A,N/A,N/A
335,5,5,5,5,N/A,N/A,3,5,1,1,5,N/A,3,3,5,1,1,1,1,5
338,3,4,4,5,5,5,5,5,N/A,N/A,4,5,N/A,N/A,5,N/A,N/A,N/A,N/A,N/A
339,4,4,5,N/A,N/A,N/A,5,4,N/A,N/A,5,N/A,N/A,N/A,3,N/A,N/A,N/A,N/A,N/A
340,4,N/A,3,N/A,4,N/A,N/A,5,N/A,N/A,3,N/A,N/A,N/A,N/A,N/A,N/A,N/A,N/A,N/A
344,N/A,N/A,N/A,N/A,4,N/A,4,5,N/A,N/A,N/A,N/A,N/A,N/A,5,4,N/A,N/A,N/A,N/A
347,N/A,3,N/A,N/A,5,N/A,3,5,N/A,N/A,N/A,N/A,N/A,N/A,1,N/A,N/A,N/A,N/A,N/A
348,5,5,5,5,5,5,5,5,N/A,N/A,5,4,4,N/A,3,2,N/A,N/A,N/A,N/A
349,4,5,5,N/A,3,N/A,4,4,4,N/A,N/A,5,N/A,5,N/A,4,N/A,N/A,N/A,N/A
352,4,N/A,N/A,N/A,N/A,N/A,N/A,N/A,N/A,N/A,N/A,N/A,N/A,N/A,4,4,N/A,N/A,N/A,N/A
353,N/A,N/A,N/A,N/A,N/A,N/A,N/A,N/A,N/A,N/A,N/A,N/A,N/A,N/A,5,N/A,N/A,N/A,N/A,N/A
356,3,4,5,N/A,N/A,N/A,N/A,4,N/A,N/A,N/A,N/A,N/A,N/A,N/A,N/A,N/A,N/A,N/A,N/A
354,N/A,N/A,3,N/A,4,N/A,5,5,N/A,N/A,5,N/A,N/A,N/A,3,N/A,N/A,N/A,N/A,N/A
355,N/A,N/A,4,N/A,N/A,4,4,4,N/A,N/A,4,N/A,N/A,N/A,3,N/A,N/A,N/A,N/A,N/A
361,N/A,N/A,5,N/A,2,N/A,1,2,N/A,4,4,4,1,3,1,N/A,N/A,N/A,N/A,N/A
362,3,3,4,4,4,N/A,4,3,N/A,4,5,4,N/A,4,4,4,N/A,4,N/A,N/A
371,4,N/A,5,N/A,5,5,3,5,N/A,N/A,4,4,N/A,N/A,5,N/A,N/A,N/A,N/A,N/A
372,5,5,5,2,3,5,5,2,3,N/A,4,5,5,5,4,4,5,1,N/A,N/A
373,5,N/A,5,N/A,5,N/A,N/A,5,N/A,N/A,N/A,N/A,N/A,N/A,N/A,3,4,N/A,N/A,N/A
376,5,4,5,5,3,N/A,5,4,N/A,N/A,4,2,N/A,N/A,3,5,N/A,N/A,N/A,N/A
377,1,1,1,4,5,5,5,2,2,2,3,3,5,5,5,4,4,4,4,4
378,N/A,N/A,5,4,5,N/A,5,4,N/A,N/A,5,N/A,N/A,N/A,N/A,N/A,N/A,N/A,N/A,N/A
379,5,4,5,5,3,N/A,5,4,N/A,N/A,4,2,N/A,N/A,3,5,N/A,N/A,N/A,N/A
380,4,N/A,N/A,N/A,5,N/A,4,N/A,N/A,N/A,4,N/A,5,N/A,N/A,5,N/A,N/A,N/A,N/A
386,N/A,N/A,4,4,5,N/A,5,4,N/A,5,4,N/A,N/A,N/A,4,4,N/A,N/A,N/A,3
397,3,4,4,4,5,3,5,5,2,3,5,N/A,2,N/A,3,3,4,N/A,3,N/A
398,N/A,4,5,N/A,N/A,N/A,3,3,N/A,N/A,3,5,N/A,N/A,4,N/A,N/A,4,N/A,N/A
399,4,3,5,N/A,5,N/A,4,4,N/A,N/A,4,N/A,N/A,N/A,4,N/A,N/A,N/A,N/A,N/A
401,N/A,5,5,N/A,4,N/A,5,4,N/A,N/A,N/A,5,N/A,N/A,4,4,N/A,N/A,N/A,N/A
402,N/A,5,N/A,N/A,N/A,N/A,N/A,N/A,N/A,N/A,N/A,N/A,N/A,5,5,N/A,N/A,N/A,N/A,N/A
403,N/A,5,5,N/A,4,N/A,3,3,N/A,N/A,5,N/A,5,N/A,3,N/A,N/A,N/A,N/A,N/A
404,4,4,5,N/A,5,N/A,4,4,N/A,N/A,4,N/A,N/A,N/A,N/A,N/A,N/A,N/A,N/A,N/A
405,N/A,3,N/A,N/A,5,N/A,N/A,N/A,N/A,N/A,N/A,N/A,N/A,N/A,4,N/A,N/A,N/A,N/A,N/A
415,5,4,5,N/A,5,N/A,4,5,N/A,N/A,N/A,N/A,N/A,N/A,5,5,5,3,5,5
417,N/A,N/A,4,N/A,N/A,N/A,N/A,3,N/A,3,4,N/A,N/A,N/A,N/A,N/A,N/A,N/A,N/A,N/A
420,5,N/A,5,N/A,4,N/A,4,5,N/A,N/A,N/A,3,N/A,N/A,N/A,N/A,N/A,N/A,4,N/A
425,3,3,4,4,4,4,4,4,N/A,4,N/A,3,4,4,4,3,3,3,3,3
428,5,4,5,N/A,5,N/A,5,4,N/A,N/A,N/A,5,N/A,N/A,2,4,N/A,N/A,N/A,N/A
435,3,N/A,N/A,N/A,4,N/A,N/A,4,N/A,N/A,3,N/A,N/A,N/A,2,N/A,N/A,N/A,N/A,N/A
436,N/A,5,4,N/A,5,N/A,4,N/A,N/A,N/A,3,N/A,N/A,3,2,3,N/A,N/A,N/A,N/A
437,3,4,5,5,5,5,5,4,4,4,5,5,5,5,5,5,5,4,4,4
438,N/A,5,5,4,5,3,4,5,3,2,5,4,N/A,3,5,2,4,5,N/A,N/A
439,N/A,5,4,N/A,4,N/A,4,N/A,N/A,N/A,3,N/A,N/A,3,2,3,N/A,N/A,N/A,N/A
440,3,5,5,4,5,4,5,4,N/A,N/A,2,5,3,N/A,1,5,N/A,N/A,N/A,4
441,N/A,3,5,N/A,N/A,4,4,3,N/A,N/A,5,N/A,5,N/A,N/A,3,N/A,3,N/A,N/A
445,N/A,5,N/A,N/A,4,N/A,5,4,N/A,N/A,3,5,N/A,N/A,N/A,N/A,N/A,N/A,N/A,N/A
451,N/A,N/A,N/A,N/A,5,N/A,5,5,N/A,4,5,4,N/A,3,3,2,N/A,4,4,4
453,4,5,5,N/A,4,N/A,3,3,N/A,N/A,N/A,5,N/A,N/A,N/A,4,N/A,N/A,N/A,N/A
456,4,3,4,3,3,3,N/A,3,N/A,N/A,3,N/A,N/A,N/A,4,N/A,N/A,N/A,N/A,N/A
459,N/A,N/A,5,N/A,3,N/A,4,3,N/A,N/A,3,4,N/A,N/A,2,5,N/A,N/A,N/A,N/A
460,4,N/A,4,4,5,4,5,5,N/A,N/A,4,N/A,4,5,5,N/A,N/A,N/A,N/A,N/A
461,4,4,5,2,4,N/A,5,4,N/A,N/A,4,N/A,N/A,4,N/A,N/A,4,N/A,N/A,N/A
472,4,N/A,5,N/A,5,N/A,N/A,3,N/A,5,5,N/A,N/A,N/A,N/A,2,4,N/A,N/A,N/A
470,N/A,4,5,2,5,N/A,4,4,3,N/A,3,5,N/A,N/A,1,N/A,N/A,N/A,N/A,N/A
471,5,N/A,N/A,N/A,4,N/A,N/A,4,N/A,N/A,3,N/A,N/A,N/A,N/A,5,N/A,N/A,N/A,N/A
476,5,4,3,2,5,N/A,3,5,N/A,N/A,3,N/A,N/A,N/A,5,4,N/A,N/A,N/A,N/A
478,3,4,4,N/A,3,3,2,3,N/A,N/A,3,3,N/A,3,1,4,N/A,N/A,N/A,N/A
477,N/A,N/A,N/A,N/A,4,N/A,N/A,5,N/A,N/A,5,N/A,N/A,N/A,N/A,N/A,N/A,N/A,N/A,N/A
479,N/A,5,3,N/A,4,N/A,5,5,N/A,N/A,3,N/A,N/A,N/A,3,1,N/A,N/A,N/A,N/A
487,5,N/A,5,5,5,N/A,4,4,4,5,4,5,5,4,5,N/A,5,N/A,N/A,N/A
488,3,3,5,5,5,4,3,4,4,4,4,4,5,5,5,5,5,5,5,5
491,1,2,3,4,5,N/A,5,4,3,2,1,2,3,4,5,N/A,5,4,3,2
492,4,5,3,N/A,2,N/A,N/A,5,N/A,N/A,3,4,N/A,N/A,5,N/A,N/A,N/A,N/A,N/A
497,N/A,5,N/A,N/A,3,N/A,N/A,5,N/A,N/A,N/A,N/A,3,N/A,N/A,N/A,N/A,N/A,N/A,N/A
498,N/A,N/A,N/A,N/A,5,N/A,N/A,2,N/A,N/A,4,N/A,N/A,N/A,4,5,N/A,N/A,N/A,N/A
508,N/A,N/A,5,N/A,5,5,5,5,N/A,N/A,4,N/A,N/A,N/A,5,5,N/A,N/A,N/A,N/A
511,5,4,4,N/A,4,N/A,5,4,N/A,N/A,5,N/A,N/A,N/A,2,N/A,N/A,N/A,N/A,N/A
512,N/A,5,4,5,2,N/A,5,4,N/A,N/A,5,N/A,N/A,N/A,2,N/A,N/A,N/A,N/A,N/A
513,N/A,N/A,N/A,N/A,N/A,N/A,N/A,N/A,N/A,N/A,N/A,N/A,N/A,N/A,N/A,N/A,N/A,N/A,N/A,N/A
514,4,N/A,N/A,N/A,N/A,N/A,4,5,N/A,N/A,N/A,N/A,2,N/A,2,N/A,N/A,N/A,N/A,N/A
515,3,5,4,N/A,5,N/A,5,5,N/A,N/A,4,4,N/A,N/A,N/A,4,N/A,N/A,N/A,N/A
516,N/A,4,5,N/A,5,N/A,3,5,N/A,N/A,5,N/A,N/A,3,5,5,N/A,N/A,4,N/A
520,N/A,5,5,N/A,5,N/A,5,5,N/A,N/A,3,5,N/A,N/A,3,5,N/A,N/A,N/A,N/A
521,N/A,5,4,4,5,N/A,5,5,N/A,N/A,5,N/A,N/A,N/A,5,5,5,N/A,N/A,N/A
525,4,5,N/A,N/A,4,N/A,5,4,N/A,4,4,3,N/A,N/A,3,N/A,N/A,N/A,N/A,N/A
522,5,N/A,4,N/A,4,4,4,5,N/A,N/A,3,N/A,N/A,N/A,2,4,N/A,N/A,N/A,N/A
523,N/A,5,4,N/A,4,N/A,N/A,5,N/A,N/A,3,4,N/A,N/A,3,N/A,N/A,N/A,3,3
524,N/A,5,4,N/A,4,N/A,N/A,5,N/A,N/A,3,4,N/A,N/A,3,N/A,N/A,N/A,3,3
526,N/A,N/A,5,4,5,N/A,N/A,5,N/A,2,5,N/A,N/A,N/A,5,4,4,5,3,N/A
527,N/A,5,5,N/A,3,N/A,1,4,N/A,N/A,4,N/A,N/A,1,1,5,N/A,N/A,N/A,N/A
530,3,2,3,4,5,N/A,5,4,N/A,5,5,4,N/A,N/A,2,3,3,N/A,4,N/A
531,N/A,N/A,N/A,N/A,N/A,N/A,5,N/A,N/A,N/A,N/A,N/A,N/A,N/A,N/A,N/A,N/A,N/A,N/A,N/A
532,N/A,N/A,5,N/A,N/A,N/A,N/A,N/A,N/A,N/A,N/A,N/A,N/A,N/A,5,N/A,N/A,N/A,N/A,N/A
533,4,4,5,N/A,5,N/A,N/A,5,N/A,N/A,3,N/A,N/A,N/A,3,N/A,N/A,N/A,N/A,N/A
534,4,5,4,N/A,4,5,5,5,4,N/A,4,5,N/A,N/A,1,1,N/A,N/A,N/A,N/A
535,5,5,3,2,5,3,5,5,N/A,N/A,4,5,N/A,N/A,1,N/A,N/A,N/A,N/A,N/A
536,N/A,N/A,N/A,N/A,4,N/A,N/A,N/A,N/A,N/A,N/A,N/A,N/A,3,4,N/A,3,N/A,N/A,N/A
539,N/A,4,5,2,3,N/A,4,3,N/A,4,N/A,N/A,N/A,N/A,3,3,N/A,N/A,N/A,N/A
541,5,4,5,4,5,4,5,5,5,5,5,4,4,4,5,5,4,4,4,4
543,5,5,5,3,4,4,3,5,3,3,5,5,5,5,5,5,3,3,3,3
544,N/A,5,5,N/A,5,5,3,5,N/A,N/A,N/A,N/A,N/A,5,4,5,N/A,N/A,N/A,N/A
545,3,5,N/A,N/A,N/A,N/A,4,4,N/A,N/A,N/A,N/A,N/A,N/A,N/A,N/A,N/A,N/A,N/A,N/A
547,N/A,N/A,4,3,5,N/A,5,5,N/A,N/A,3,5,N/A,5,3,5,N/A,N/A,N/A,N/A
551,4,5,N/A,N/A,5,N/A,N/A,5,N/A,N/A,5,N/A,N/A,4,4,5,N/A,N/A,N/A,N/A
552,N/A,N/A,4,N/A,5,N/A,4,5,N/A,N/A,5,N/A,N/A,N/A,3,N/A,N/A,N/A,N/A,N/A
555,5,N/A,4,4,5,N/A,3,3,N/A,N/A,3,N/A,N/A,N/A,5,2,4,3,3,3
556,N/A,N/A,4,N/A,5,N/A,5,5,N/A,N/A,N/A,5,N/A,N/A,1,N/A,N/A,N/A,N/A,N/A
557,4,5,5,4,5,N/A,4,4,4,N/A,3,5,N/A,4,4,N/A,N/A,N/A,N/A,N/A
560,1,1,3,2,4,3,3,2,3,4,4,3,5,5,5,5,5,N/A,2,3
564,4,4,5,N/A,5,N/A,5,5,N/A,N/A,4,5,N/A,N/A,4,N/A,N/A,N/A,N/A,N/A
565,5,5,5,3,4,3,5,3,3,4,5,5,4,3,2,4,4,2,2,2
567,3,5,4,N/A,5,N/A,3,4,N/A,N/A,5,3,N/A,5,3,N/A,N/A,N/A,N/A,N/A
566,N/A,N/A,N/A,N/A,4,N/A,4,5,N/A,N/A,N/A,N/A,3,4,2,4,5,5,5,5
574,N/A,3,4,4,4,N/A,N/A,N/A,N/A,N/A,4,5,4,4,N/A,1,N/A,N/A,N/A,N/A
575,5,5,5,N/A,2,3,2,5,5,5,2,5,N/A,N/A,3,5,N/A,N/A,N/A,N/A
576,5,5,5,N/A,2,3,2,5,N/A,N/A,2,4,N/A,N/A,3,5,N/A,N/A,N/A,N/A
577,N/A,N/A,5,N/A,5,N/A,N/A,2,N/A,N/A,N/A,N/A,N/A,N/A,N/A,N/A,N/A,N/A,N/A,N/A
580,N/A,N/A,N/A,4,4,N/A,N/A,4,N/A,N/A,5,N/A,N/A,N/A,1,N/A,4,5,N/A,N/A
581,N/A,N/A,N/A,N/A,5,4,5,5,N/A,N/A,3,N/A,N/A,N/A,2,4,N/A,N/A,N/A,N/A
582,5,3,5,4,5,N/A,N/A,5,N/A,5,3,4,3,3,5,5,5,4,3,3
583,4,3,5,N/A,4,N/A,3,2,5,N/A,N/A,5,N/A,3,N/A,4,N/A,N/A,3,N/A
584,4,4,2,4,5,4,5,5,N/A,4,3,4,2,N/A,1,N/A,1,N/A,N/A,N/A
585,N/A,N/A,3,N/A,4,N/A,N/A,N/A,N/A,4,N/A,N/A,N/A,5,5,5,5,3,N/A,N/A
586,3,5,4,N/A,4,N/A,5,5,4,5,5,N/A,4,N/A,5,N/A,5,5,N/A,4
587,N/A,N/A,4,N/A,4,N/A,4,5,N/A,N/A,N/A,N/A,N/A,N/A,4,N/A,N/A,N/A,N/A,N/A
588,3,2,3,4,4,N/A,4,3,N/A,3,4,N/A,4,4,5,4,4,N/A,3,3
594,4,5,5,N/A,N/A,N/A,3,5,5,N/A,3,5,N/A,5,1,N/A,N/A,N/A,N/A,N/A
601,3,5,5,N/A,4,N/A,4,4,5,N/A,N/A,5,N/A,4,1,N/A,N/A,N/A,N/A,N/A
603,N/A,N/A,4,N/A,5,N/A,3,N/A,N/A,N/A,4,N/A,N/A,N/A,5,N/A,N/A,N/A,N/A,N/A
604,3,5,5,N/A,4,N/A,5,3,N/A,3,N/A,5,4,N/A,4,5,N/A,N/A,N/A,N/A
609,N/A,N/A,5,N/A,4,N/A,3,5,N/A,N/A,4,N/A,N/A,N/A,1,3,N/A,N/A,N/A,N/A
610,5,4,5,2,4,5,5,4,N/A,N/A,5,N/A,N/A,5,5,4,N/A,N/A,N/A,2
611,N/A,N/A,5,N/A,4,N/A,5,5,N/A,N/A,5,N/A,N/A,5,3,5,N/A,N/A,N/A,N/A
612,3,N/A,5,5,5,N/A,4,5,N/A,N/A,5,N/A,2,N/A,4,5,4,4,4,N/A
613,N/A,N/A,5,5,5,5,5,5,N/A,5,4,4,5,5,3,4,5,5,5,5
615,4,5,4,N/A,5,N/A,N/A,4,N/A,N/A,N/A,N/A,3,4,2,3,N/A,N/A,3,4
618,3,N/A,4,N/A,5,N/A,4,5,N/A,4,N/A,N/A,N/A,N/A,N/A,N/A,4,N/A,N/A,5
619,3,N/A,4,N/A,N/A,3,3,4,N/A,N/A,3,N/A,3,N/A,1,4,N/A,N/A,N/A,N/A
623,N/A,N/A,4,N/A,4,N/A,5,5,N/A,N/A,N/A,N/A,N/A,N/A,N/A,N/A,N/A,N/A,N/A,N/A
624,N/A,5,5,N/A,N/A,N/A,2,4,N/A,N/A,3,5,N/A,N/A,1,N/A,N/A,N/A,N/A,N/A
625,4,5,5,N/A,5,N/A,4,4,5,N/A,3,5,N/A,5,3,5,N/A,N/A,N/A,N/A
627,N/A,N/A,5,N/A,4,N/A,2,5,N/A,N/A,3,N/A,N/A,2,1,N/A,N/A,N/A,N/A,N/A
638,N/A,N/A,2,N/A,N/A,N/A,N/A,1,N/A,N/A,2,N/A,N/A,4,N/A,2,N/A,N/A,N/A,N/A
640,5,N/A,5,5,5,N/A,N/A,5,N/A,N/A,N/A,5,N/A,5,4,N/A,N/A,N/A,N/A,N/A
642,4,3,4,3,4,2,3,4,3,N/A,4,2,2,3,5,4,4,3,3,4
649,N/A,5,3,N/A,4,N/A,3,4,N/A,N/A,N/A,4,1,N/A,1,N/A,N/A,N/A,N/A,N/A
655,4,4,4,N/A,4,N/A,5,5,N/A,N/A,3,N/A,N/A,N/A,5,3,4,N/A,N/A,N/A
658,N/A,5,3,N/A,N/A,N/A,4,4,4,N/A,4,5,N/A,5,1,N/A,N/A,N/A,N/A,N/A
660,N/A,N/A,4,4,4,4,N/A,N/A,N/A,N/A,N/A,N/A,N/A,N/A,2,N/A,N/A,N/A,N/A,N/A
663,N/A,N/A,5,N/A,4,N/A,N/A,5,N/A,N/A,N/A,N/A,N/A,N/A,5,5,N/A,N/A,N/A,N/A
665,2,N/A,2,4,3,N/A,4,4,N/A,N/A,4,N/A,4,5,3,2,N/A,N/A,N/A,N/A
669,3,3,4,4,5,N/A,4,N/A,N/A,4,3,N/A,N/A,5,4,3,4,N/A,N/A,N/A
674,N/A,N/A,N/A,5,5,N/A,5,N/A,N/A,4,N/A,4,5,5,3,4,N/A,N/A,N/A,N/A
676,N/A,5,4,N/A,3,N/A,5,5,N/A,N/A,N/A,5,N/A,N/A,N/A,N/A,N/A,N/A,N/A,N/A
680,N/A,4,4,N/A,N/A,N/A,4,4,N/A,N/A,4,5,N/A,N/A,3,N/A,N/A,N/A,N/A,N/A
694,4,5,5,3,4,N/A,4,2,N/A,N/A,4,3,4,N/A,4,N/A,2,2,2,2
695,4,N/A,5,N/A,N/A,N/A,N/A,N/A,N/A,N/A,N/A,5,N/A,N/A,N/A,N/A,N/A,N/A,N/A,N/A
696,N/A,N/A,N/A,N/A,5,N/A,5,5,N/A,N/A,N/A,N/A,N/A,N/A,4,5,N/A,N/A,N/A,N/A
702,5,N/A,5,N/A,3,4,4,4,N/A,N/A,3,N/A,N/A,N/A,2,N/A,N/A,N/A,N/A,N/A
706,5,N/A,N/A,N/A,3,N/A,5,1,5,N/A,3,5,N/A,N/A,1,N/A,N/A,N/A,N/A,N/A
709,N/A,2,5,4,5,N/A,N/A,5,N/A,N/A,N/A,N/A,N/A,N/A,5,4,4,5,4,N/A
711,4,4,3,2,3,3,4,5,2,4,4,3,3,3,5,3,3,3,2,3
712,N/A,5,4,N/A,3,N/A,4,5,N/A,N/A,4,N/A,N/A,N/A,4,5,N/A,N/A,N/A,N/A
713,3,5,5,N/A,4,4,4,4,N/A,N/A,2,5,N/A,N/A,2,N/A,N/A,N/A,N/A,N/A
719,N/A,N/A,5,4,5,N/A,N/A,4,N/A,N/A,N/A,N/A,N/A,N/A,5,3,N/A,N/A,N/A,N/A
725,N/A,5,5,N/A,4,N/A,5,5,N/A,N/A,4,5,4,N/A,2,N/A,N/A,N/A,N/A,N/A
726,N/A,N/A,5,N/A,5,N/A,N/A,4,N/A,N/A,N/A,N/A,N/A,3,4,N/A,N/A,N/A,N/A,N/A
727,4,3,5,5,3,N/A,5,5,N/A,N/A,N/A,N/A,N/A,N/A,N/A,N/A,N/A,N/A,N/A,N/A
729,N/A,N/A,3,N/A,4,N/A,5,4,N/A,N/A,2,N/A,N/A,N/A,4,1,N/A,N/A,N/A,N/A
731,5,N/A,5,N/A,5,4,3,5,N/A,N/A,4,5,N/A,5,3,5,5,N/A,N/A,N/A
730,5,N/A,N/A,N/A,5,N/A,N/A,N/A,N/A,N/A,5,4,N/A,N/A,N/A,N/A,N/A,N/A,N/A,N/A
732,N/A,5,N/A,N/A,4,4,4,5,N/A,N/A,N/A,5,4,5,3,5,N/A,N/A,N/A,N/A
733,4,N/A,N/A,N/A,4,N/A,N/A,N/A,N/A,N/A,4,N/A,N/A,N/A,N/A,N/A,N/A,N/A,N/A,N/A
737,1,N/A,2,N/A,1,N/A,2,1,N/A,N/A,3,N/A,N/A,N/A,3,N/A,N/A,N/A,N/A,N/A
745,5,5,5,N/A,N/A,N/A,4,4,N/A,N/A,N/A,4,N/A,N/A,N/A,N/A,N/A,N/A,N/A,N/A
746,N/A,5,5,4,5,5,5,5,N/A,N/A,2,5,4,N/A,2,2,N/A,N/A,N/A,N/A
748,5,N/A,5,N/A,5,4,4,5,N/A,N/A,3,5,5,N/A,3,3,N/A,N/A,N/A,N/A
749,3,5,4,1,1,5,2,4,3,N/A,4,5,N/A,N/A,4,N/A,N/A,N/A,N/A,N/A
751,4,4,4,2,5,N/A,2,3,N/A,N/A,N/A,3,N/A,2,1,1,N/A,N/A,N/A,N/A
753,N/A,3,5,5,5,N/A,4,5,N/A,N/A,5,4,N/A,N/A,4,4,N/A,N/A,N/A,N/A
754,4,N/A,5,N/A,5,N/A,N/A,4,N/A,N/A,N/A,N/A,N/A,N/A,N/A,N/A,N/A,N/A,N/A,N/A
755,4,4,5,4,4,N/A,4,4,N/A,N/A,N/A,5,N/A,N/A,N/A,N/A,N/A,N/A,N/A,N/A
760,4,N/A,4,3,4,4,5,5,N/A,3,4,N/A,N/A,N/A,3,N/A,N/A,N/A,N/A,N/A
766,5,5,4,3,3,3,4,5,N/A,N/A,3,N/A,N/A,N/A,4,N/A,N/A,N/A,N/A,N/A
767,N/A,5,N/A,N/A,5,N/A,5,5,N/A,N/A,N/A,N/A,N/A,N/A,3,5,N/A,N/A,N/A,N/A
768,3,4,4,3,4,4,3,4,4,3,4,4,3,3,4,5,4,3,3,3
771,N/A,N/A,N/A,N/A,5,N/A,N/A,N/A,N/A,N/A,N/A,N/A,N/A,5,3,4,N/A,N/A,N/A,N/A
772,N/A,4,5,N/A,4,5,4,4,N/A,N/A,4,N/A,5,4,3,4,N/A,N/A,N/A,N/A
779,N/A,5,4,N/A,3,N/A,5,3,N/A,N/A,4,3,N/A,N/A,3,N/A,N/A,N/A,N/A,N/A
781,N/A,N/A,N/A,N/A,N/A,N/A,N/A,1,N/A,N/A,N/A,N/A,N/A,N/A,N/A,N/A,1,1,N/A,N/A
782,5,3,4,5,N/A,N/A,N/A,5,N/A,N/A,N/A,N/A,N/A,N/A,3,N/A,N/A,N/A,N/A,N/A
783,5,3,5,N/A,N/A,N/A,N/A,N/A,N/A,N/A,N/A,N/A,N/A,N/A,4,N/A,N/A,N/A,N/A,N/A
784,N/A,3,5,5,5,N/A,2,5,N/A,N/A,4,4,N/A,2,3,4,N/A,N/A,N/A,N/A
785,4,2,5,1,N/A,N/A,N/A,4,N/A,3,1,N/A,N/A,N/A,5,N/A,N/A,N/A,N/A,N/A
786,4,2,5,1,N/A,N/A,N/A,4,N/A,3,1,N/A,N/A,N/A,5,N/A,N/A,N/A,N/A,N/A
787,3,N/A,3,N/A,5,N/A,5,N/A,N/A,N/A,N/A,N/A,3,N/A,5,N/A,4,N/A,N/A,N/A
788,3,4,N/A,4,N/A,4,N/A,N/A,4,4,5,4,4,5,N/A,N/A,N/A,N/A,N/A,4
789,N/A,4,N/A,N/A,4,N/A,5,4,N/A,N/A,4,3,N/A,N/A,4,5,N/A,3,N/A,N/A
790,4,N/A,5,N/A,5,5,N/A,4,N/A,N/A,N/A,N/A,N/A,N/A,4,N/A,N/A,N/A,N/A,N/A
791,N/A,N/A,N/A,N/A,5,5,N/A,N/A,N/A,N/A,N/A,N/A,N/A,N/A,5,N/A,N/A,N/A,N/A,N/A
792,3,N/A,N/A,N/A,4,N/A,N/A,4,N/A,N/A,N/A,5,N/A,N/A,N/A,N/A,N/A,N/A,N/A,N/A
797,4,4,4,N/A,3,N/A,5,5,N/A,N/A,2,N/A,N/A,N/A,1,N/A,N/A,N/A,N/A,N/A
800,3,2,4,1,1,1,5,4,N/A,N/A,3,5,N/A,N/A,3,2,N/A,N/A,N/A,N/A
803,N/A,5,5,N/A,5,N/A,2,N/A,N/A,N/A,N/A,4,N/A,N/A,2,N/A,N/A,N/A,N/A,N/A
806,4,5,4,N/A,5,N/A,4,5,N/A,N/A,5,5,N/A,3,1,1,N/A,N/A,N/A,N/A
811,N/A,N/A,4,N/A,4,N/A,N/A,5,N/A,N/A,N/A,N/A,N/A,N/A,3,5,N/A,N/A,N/A,N/A
812,2,4,N/A,N/A,N/A,N/A,N/A,N/A,N/A,N/A,N/A,N/A,N/A,N/A,N/A,N/A,N/A,N/A,N/A,N/A
813,5,N/A,5,4,3,N/A,N/A,5,N/A,N/A,5,5,N/A,N/A,2,N/A,N/A,N/A,N/A,N/A
815,N/A,3,3,N/A,4,N/A,N/A,4,N/A,3,4,4,3,3,4,4,3,4,N/A,N/A
818,N/A,5,5,N/A,4,N/A,4,3,N/A,N/A,5,5,N/A,N/A,3,4,N/A,N/A,N/A,N/A
817,N/A,N/A,N/A,N/A,4,N/A,4,5,N/A,N/A,N/A,N/A,N/A,5,3,N/A,N/A,N/A,N/A,N/A
819,4,5,5,4,5,3,5,5,4,3,3,3,4,5,5,5,4,4,5,5
823,4,1,4,5,2,5,3,4,3,4,3,3,4,4,5,4,4,3,3,2
824,3,1,5,4,5,3,5,2,2,2,3,3,5,5,5,4,4,5,5,5
825,N/A,1,4,4,4,3,5,2,2,2,2,2,2,2,2,2,2,2,2,2
826,4,4,5,3,4,N/A,N/A,4,N/A,N/A,5,5,N/A,5,3,4,N/A,N/A,N/A,N/A
831,N/A,3,5,N/A,5,N/A,4,3,N/A,N/A,3,N/A,N/A,N/A,3,N/A,N/A,N/A,N/A,N/A
835,N/A,N/A,4,N/A,4,N/A,N/A,N/A,N/A,N/A,N/A,N/A,N/A,N/A,N/A,N/A,N/A,N/A,N/A,N/A
836,4,N/A,5,1,1,N/A,N/A,4,N/A,N/A,5,N/A,5,N/A,3,4,N/A,N/A,N/A,N/A
837,3,3,3,N/A,4,N/A,1,N/A,4,3,N/A,4,N/A,4,N/A,N/A,N/A,N/A,N/A,N/A
838,N/A,N/A,3,N/A,4,N/A,5,5,4,3,4,3,N/A,4,2,5,3,N/A,N/A,N/A
841,5,5,4,N/A,3,N/A,4,5,N/A,N/A,4,N/A,N/A,N/A,3,3,N/A,N/A,N/A,N/A
844,3,4,4,N/A,5,N/A,3,3,N/A,N/A,3,4,N/A,5,1,N/A,N/A,N/A,N/A,N/A
843,5,5,3,N/A,5,N/A,5,3,N/A,N/A,5,N/A,1,N/A,N/A,N/A,N/A,N/A,N/A,N/A
845,3,4,5,N/A,4,N/A,N/A,3,N/A,N/A,N/A,5,4,N/A,N/A,N/A,N/A,N/A,N/A,N/A
847,3,5,N/A,N/A,4,N/A,N/A,5,N/A,N/A,N/A,4,N/A,N/A,N/A,N/A,N/A,N/A,N/A,N/A
850,N/A,N/A,5,N/A,5,N/A,5,4,N/A,N/A,4,4,5,N/A,N/A,5,N/A,N/A,N/A,N/A
851,4,5,5,N/A,5,N/A,5,5,N/A,N/A,5,N/A,N/A,2,2,2,2,2,2,2
854,4,3,4,N/A,3,N/A,4,4,N/A,N/A,4,4,N/A,N/A,2,N/A,N/A,N/A,N/A,N/A
856,N/A,4,5,N/A,N/A,N/A,3,N/A,N/A,N/A,N/A,N/A,N/A,N/A,N/A,N/A,N/A,N/A,N/A,N/A
858,N/A,N/A,N/A,N/A,5,5,N/A,N/A,N/A,N/A,N/A,N/A,N/A,N/A,N/A,N/A,N/A,N/A,N/A,N/A
859,4,4,4,4,5,N/A,4,5,N/A,N/A,5,4,N/A,N/A,2,N/A,N/A,N/A,N/A,N/A
863,N/A,N/A,3,N/A,3,N/A,5,4,N/A,N/A,3,3,N/A,3,4,5,N/A,N/A,N/A,N/A
865,N/A,N/A,4,4,4,N/A,3,3,N/A,N/A,N/A,N/A,N/A,N/A,5,N/A,N/A,N/A,N/A,N/A
866,5,N/A,4,N/A,5,N/A,N/A,4,N/A,N/A,N/A,N/A,N/A,N/A,5,N/A,N/A,N/A,N/A,N/A
868,5,1,5,1,5,1,1,5,1,1,5,1,1,1,4,4,1,1,1,1
875,5,N/A,4,N/A,5,N/A,5,4,N/A,N/A,N/A,N/A,N/A,4,3,5,4,4,4,4
877,5,3,5,3,4,5,3,4,3,4,5,4,4,5,4,5,N/A,N/A,N/A,N/A
882,1,1,2,3,4,2,2,4,3,3,3,2,2,5,5,3,3,4,2,5
880,3,4,4,3,4,3,5,5,3,3,3,3,3,3,3,1,3,1,3,3
881,5,4,4,N/A,4,N/A,3,5,3,4,4,3,3,4,3,5,4,4,N/A,3
886,N/A,N/A,5,N/A,5,N/A,3,4,N/A,N/A,3,N/A,N/A,N/A,4,N/A,N/A,N/A,N/A,N/A
887,4,4,5,3,3,3,5,4,3,3,3,3,3,3,1,3,3,3,3,3
888,4,5,5,N/A,4,N/A,5,5,N/A,N/A,N/A,N/A,N/A,4,5,4,N/A,N/A,N/A,N/A
891,N/A,N/A,5,N/A,5,N/A,5,3,3,N/A,N/A,5,4,4,4,4,N/A,3,1,2
896,3,5,5,3,4,3,3,5,4,4,5,5,4,4,2,5,4,3,3,3
901,5,5,5,5,N/A,N/A,4,5,N/A,5,N/A,N/A,N/A,5,5,N/A,4,4,4,N/A
907,N/A,4,4,N/A,5,N/A,4,5,N/A,N/A,4,4,N/A,N/A,1,N/A,N/A,N/A,N/A,N/A
917,N/A,4,5,N/A,2,N/A,3,4,3,2,5,N/A,N/A,4,5,5,5,N/A,N/A,N/A
918,5,5,5,N/A,5,N/A,4,5,N/A,N/A,4,4,N/A,N/A,2,2,N/A,N/A,N/A,N/A
920,5,3,5,N/A,4,N/A,5,5,4,N/A,3,4,N/A,3,4,4,N/A,N/A,N/A,3
923,N/A,N/A,5,N/A,4,N/A,3,5,N/A,N/A,3,5,N/A,N/A,4,4,N/A,N/A,N/A,N/A
924,N/A,N/A,5,N/A,N/A,N/A,3,3,N/A,N/A,N/A,N/A,N/A,N/A,N/A,N/A,N/A,N/A,N/A,N/A
925,N/A,N/A,4,N/A,5,N/A,5,4,N/A,N/A,N/A,N/A,N/A,N/A,4,5,N/A,N/A,N/A,N/A
927,N/A,5,N/A,3,4,3,4,4,N/A,2,2,3,3,3,2,3,3,3,4,4
929,4,N/A,5,N/A,5,N/A,N/A,5,N/A,N/A,N/A,N/A,N/A,N/A,5,N/A,N/A,N/A,N/A,N/A
930,4,4,4,4,5,N/A,4,4,3,N/A,N/A,N/A,4,4,4,3,4,3,4,5
931,4,4,5,4,5,N/A,4,4,3,3,4,N/A,N/A,4,4,3,N/A,4,4,4
932,5,5,5,N/A,N/A,N/A,3,4,N/A,N/A,3,5,N/A,N/A,N/A,N/A,N/A,N/A,N/A,N/A
933,4,5,4,N/A,4,4,3,4,4,N/A,1,5,4,4,1,4,N/A,N/A,N/A,N/A
934,N/A,5,N/A,N/A,N/A,N/A,4,2,N/A,N/A,N/A,5,N/A,N/A,N/A,N/A,N/A,N/A,N/A,N/A
936,3,4,5,N/A,3,5,3,4,N/A,N/A,3,5,N/A,N/A,3,5,N/A,N/A,N/A,N/A
937,N/A,N/A,2,N/A,5,N/A,N/A,3,N/A,N/A,N/A,N/A,N/A,N/A,N/A,N/A,N/A,N/A,N/A,N/A
938,3,4,5,N/A,N/A,N/A,3,4,5,N/A,N/A,5,N/A,N/A,N/A,N/A,N/A,N/A,N/A,N/A
939,4,5,5,3,4,3,3,4,3,3,4,3,3,3,3,4,4,3,3,3
942,N/A,5,N/A,N/A,4,N/A,3,4,N/A,N/A,4,N/A,N/A,5,N/A,3,N/A,N/A,N/A,N/A
943,4,N/A,4,N/A,4,4,4,N/A,N/A,N/A,4,N/A,3,N/A,N/A,4,N/A,N/A,N/A,N/A
944,4,N/A,5,N/A,5,5,N/A,5,N/A,N/A,3,N/A,N/A,N/A,4,4,N/A,N/A,N/A,2
945,5,5,4,N/A,N/A,N/A,4,4,N/A,N/A,4,4,4,5,2,5,N/A,N/A,N/A,N/A
949,4,5,5,N/A,4,N/A,3,4,N/A,N/A,4,5,N/A,4,1,3,N/A,N/A,N/A,N/A
950,N/A,5,4,N/A,2,N/A,N/A,2,N/A,N/A,1,4,N/A,N/A,1,3,N/A,N/A,N/A,N/A
951,1,N/A,5,N/A,N/A,N/A,4,5,N/A,N/A,N/A,N/A,N/A,N/A,N/A,N/A,N/A,N/A,N/A,N/A
954,4,5,5,4,5,4,4,4,N/A,4,4,3,4,3,3,3,3,3,3,3
959,N/A,N/A,N/A,N/A,4,N/A,N/A,5,N/A,N/A,N/A,N/A,N/A,N/A,3,N/A,N/A,N/A,N/A,N/A
961,4,4,4,N/A,4,N/A,4,4,N/A,N/A,4,N/A,N/A,N/A,N/A,N/A,N/A,N/A,N/A,N/A
973,4,N/A,3,N/A,5,N/A,N/A,4,N/A,N/A,N/A,N/A,N/A,N/A,5,3,N/A,N/A,N/A,N/A
978,N/A,5,4,N/A,3,N/A,3,4,N/A,N/A,2,4,N/A,2,1,3,N/A,1,N/A,N/A
982,4,N/A,N/A,N/A,5,N/A,5,3,N/A,N/A,2,N/A,3,5,3,3,N/A,N/A,N/A,N/A
983,N/A,5,5,3,3,N/A,4,3,N/A,N/A,3,N/A,N/A,N/A,2,3,N/A,N/A,N/A,N/A
984,3,4,4,4,4,5,N/A,N/A,N/A,3,4,3,N/A,4,4,4,5,N/A,N/A,N/A
985,1,3,3,2,4,1,4,3,1,1,3,4,1,1,1,1,1,1,1,1
987,5,4,5,4,4,4,4,5,N/A,N/A,5,5,N/A,4,4,5,5,N/A,N/A,N/A
989,N/A,N/A,N/A,N/A,N/A,N/A,N/A,5,N/A,N/A,N/A,N/A,N/A,N/A,5,N/A,N/A,N/A,N/A,N/A
990,N/A,N/A,3,N/A,N/A,N/A,N/A,N/A,N/A,N/A,3,N/A,N/A,N/A,3,N/A,N/A,N/A,N/A,N/A
992,N/A,N/A,N/A,N/A,N/A,N/A,N/A,N/A,N/A,N/A,N/A,N/A,N/A,N/A,N/A,N/A,N/A,N/A,N/A,N/A
993,N/A,5,5,4,5,5,1,3,N/A,5,2,5,4,1,1,5,N/A,N/A,N/A,4
994,N/A,4,N/A,N/A,2,N/A,2,3,N/A,N/A,2,3,N/A,4,2,5,N/A,N/A,N/A,N/A
997,5,5,N/A,N/A,4,N/A,2,3,N/A,N/A,3,5,3,N/A,3,N/A,N/A,N/A,N/A,N/A
